ClassID,TrainerID,ClassName,ClassType,ClassLength,StartTime,EndTime,DifficultyLevel,Max Capacity
1,5,Sunrise Yoga,Yoga,65,6:00 AM,7:05 AM,Beginner,20
2,2,Iron Strength,Weightlifting,80,8:00 AM,9:20 AM,Intermediate,16
3,4,Core Flow,Pilates,70,10:00 AM,11:10 AM,Beginner,25
4,1,Power HIIT,HIIT,60,12:00 PM,1:00 PM,Intermediate,15
5,3,Zumba Burn,Zumba,65,4:00 PM,5:05 PM,All Levels,28
6,5,Evening Yoga,Yoga,80,6:00 PM,7:20 PM,Intermediate,20
7,3,Dance Fusion,Zumba,70,7:30 PM,8:40 PM,All Levels,30
8,1,HIIT Challenge,HIIT,90,9:00 AM,10:30 AM,Advanced,15
9,2,Power Lift Pro,Weightlifting,100,2:00 PM,3:40 PM,Advanced,16
10,4,Pilates Balance,Pilates,75,5:30 PM,6:45 PM,Beginner,18
