MemberID,MembershipTypeID,FirstName,LastName,Email
1,1,Jesse,Xiong,Jesse_X_Xiong@email.com
2,1,Megan,Eckert,megan.eckert@email.com
3,1,Emily,Hagen,Ehagen@email.com
4,2,Teing,Lor,wutangLor@email.com
5,2,Annita,Spellman,annita.spellman52@email.com
6,1,Brock,Lesnar,brocoli.L7@email.com
7,2,Michael,Jackson,mJackson92@email.com
8,2,Jack,Black,blackJack1000@email.com
9,2,Alyson,Downs,aly.downs79@email.com
10,1,Paul,Park,PaulParking@email.com
11,1,Shawn,Hines,S.Hines44@email.com
12,2,Kyle,Johnson,kyle.johnson04@powergym.com
13,1,Mei,Matsumoto,mei.matsumoto99@trainbetter.org
14,1,Sophia,Tran,sophia.tran18@lifebalance.com
15,1,Anthony,Rivera,anthony.rivera87@fitactive.net
16,1,Madison,Brooks,madison.brooks20@peakzone.org
17,1,Benjamin,Foster,ben.foster93@movefit.org
18,1,Jason,Wright,jasonwright76@trainhero.net
19,2,Isabella,Perez,isabella.perez14@gymcenter.com
20,2,Lily,Price,lily.price12@totalfit.net
21,1,Hannah,Diaz,hannah.diaz58@coremotion.com
22,2,Samuel,Chavez,samuel.chavez71@fitworks.org
23,2,Ella,Murphy,ella.murphy47@fitspot.com
24,2,Mia,Powell,mia.powell29@healthplus.org
25,2,Leah,London,leah.london03@activecore.net
26,1,Dylan,Flores,dylan.flores19@maxburn.com
27,2,Owen,Scott,owen.scott90@gymconnect.org
28,1,Mai,Long,mai.long63@strongpulse.net
29,2,Jake,statefarm,jake.sf92@fitmail.net
30,1,Saquon,Barkley,saquon.barkley84@trainzone.org
31,2,Emelio,Horton,emelio.horton66@wellfit.com
32,2,Tia,Tanaka,tia.tanaka11@fitmotive.org
33,2,Ai,Uehara,ai.uehara38@balancehub.net
34,2,Trevor,Hunt,trevor.hunt23@energygym.com
35,1,Xavier,Brooks,xavier.brooks15@strongnation.org
36,1,Pheonix,cuz,pheonix.cuz94@fitfactory.net
37,1,Brodi,Mcdonald,brodi.mcdonald33@flexhub.org
38,2,Taliyah,biggens,taliyah.biggens08@gymmotion.net
39,2,Amara,Simmons,amara.simmons60@corezone.org
40,2,Lia,Jean,lia.jean16@trainflow.com
41,2,Elsa,love,elsa.love44@healthyfit.org
42,1,Mateo,Bishop,mateo.bishop73@maxcore.net
43,2,John,Kennedy,john.kennedy86@ironactive.org
44,2,Chris,Evans,chris.evans91@bodypower.com
45,2,Kylie,Jenner,kylie.jenner59@fitfusion.net
46,1,King,Von,king.von80@grindgym.org
47,2,Polo,Gooder,polo.gooder07@vitalfit.net
48,1,Arianna,Grande,arianna.grande02@balanceclub.org
49,1,Naruto,Uzumaki,naruto.uzumaki10@leafgym.net
50,2,Sasuke,Uchiha,sasuke.uchiha28@shadowfit.org
